{"stats":{"minecraft:crafted":{"minecraft:oak_boat":1,"minecraft:oak_planks":16,"minecraft:crafting_table":1},"minecraft:picked_up":{"minecraft:stick":3,"minecraft:cactus":1,"minecraft:oak_boat":1,"minecraft:sand":3,"minecraft:oak_log":4,"minecraft:dirt":1},"minecraft:custom":{"minecraft:time_since_rest":7149,"minecraft:open_chest":3,"minecraft:sprint_one_cm":25870,"minecraft:play_time":7149,"minecraft:damage_taken":120,"minecraft:walk_one_cm":4721,"minecraft:sneak_time":30,"minecraft:walk_under_water_one_cm":2870,"minecraft:drop":2,"minecraft:boat_one_cm":51030,"minecraft:jump":178,"minecraft:damage_dealt":16,"minecraft:leave_game":2,"minecraft:time_since_death":7149,"minecraft:walk_on_water_one_cm":2368,"minecraft:total_world_time":7149,"minecraft:swim_one_cm":7515,"minecraft:interact_with_crafting_table":1,"minecraft:fall_one_cm":6886,"minecraft:fly_one_cm":46395},"minecraft:dropped":{"minecraft:filled_map":1,"minecraft:stick":1},"minecraft:used":{"minecraft:dirt":1,"minecraft:sand":3,"minecraft:crafting_table":1,"minecraft:cactus":1,"minecraft:map":1,"minecraft:oak_boat":1},"minecraft:mined":{"minecraft:seagrass":1,"minecraft:cactus":1,"minecraft:oak_log":4,"minecraft:dead_bush":5,"minecraft:dirt":1,"minecraft:sand":3,"minecraft:oak_leaves":7}},"DataVersion":3465}