{"stats":{"minecraft:crafted":{"minecraft:oak_boat":1,"minecraft:oak_planks":16,"minecraft:crafting_table":1},"minecraft:picked_up":{"minecraft:sand":3,"minecraft:oak_log":4,"minecraft:dirt":1},"minecraft:custom":{"minecraft:open_chest":2,"minecraft:time_since_rest":3239,"minecraft:play_time":3239,"minecraft:sprint_one_cm":5666,"minecraft:walk_one_cm":2982,"minecraft:sneak_time":22,"minecraft:walk_under_water_one_cm":1686,"minecraft:boat_one_cm":13410,"minecraft:jump":61,"minecraft:leave_game":1,"minecraft:time_since_death":3239,"minecraft:walk_on_water_one_cm":123,"minecraft:total_world_time":3239,"minecraft:swim_one_cm":2411,"minecraft:interact_with_crafting_table":1,"minecraft:fall_one_cm":2508,"minecraft:fly_one_cm":14959},"minecraft:used":{"minecraft:sand":3,"minecraft:crafting_table":1,"minecraft:oak_boat":1},"minecraft:mined":{"minecraft:seagrass":1,"minecraft:oak_log":4,"minecraft:sand":3,"minecraft:dirt":1,"minecraft:oak_leaves":7}},"DataVersion":3465}